Url,RId,SId,LTId,TTId,LUId,Timestamp,Level,Server,Ip,Thread,Logger,Message,Exception,UserAgent
,8a70c2e2-55b0-4442-badd-17b2721dfdea,5290.289571,5290,5290,17709,2025-12-17T05:13:06.404Z,INFO,WebApi,10.157.32.246,214,o9.Framework.Common.Logging.FrameworkLogger,WebApi received the request: GET /api/db/user/17709/tenants/accessibility,,kibo
,8a70c2e2-55b0-4442-badd-17b2721dfdea,5290.289571,5290,5290,17709,2025-12-17T05:13:06.420Z,INFO,WebApi,10.157.32.246,572,o9.Framework.Common.Logging.FrameworkLogger,WebApi served the request: /api/db/user/17709/tenants/accessibility in : 9ms with status : OK,,kibo
,375d2e46-4792-428d-b108-8234c7c29a16,5290.289571,5290,5290,17709,2025-12-17T05:13:06.931Z,INFO,WebApi,10.157.34.218,155,o9.Framework.Common.Logging.FrameworkLogger,WebApi received the request: GET /api/db/user/17709/tenants/accessibility,,kibo
,375d2e46-4792-428d-b108-8234c7c29a16,5290.289571,5290,5290,17709,2025-12-17T05:13:06.949Z,INFO,WebApi,10.157.34.218,401,o9.Framework.Common.Logging.FrameworkLogger,WebApi served the request: /api/db/user/17709/tenants/accessibility in : 11ms with status : OK,,kibo
,619c3b17-e656-41ae-b64a-77e93028cb64,5290.289571,5290,5290,17709,2025-12-17T05:13:18.332Z,INFO,WebApi,10.157.34.218,220,o9.Framework.Common.Logging.FrameworkLogger,WebApi received the request: GET /api/user/v1,,kibo
,619c3b17-e656-41ae-b64a-77e93028cb64,5290.289571,5290,5290,17709,2025-12-17T05:13:18.333Z,INFO,WebApi,10.157.34.218,220,o9.Framework.Common.Logging.FrameworkLogger,FrameworkHttpClient would send the request to URI - http://localhost:9876/api/crud/tenants/5290/users/get,,kibo
,619c3b17-e656-41ae-b64a-77e93028cb64,5290.289571,5290,5290,17709,2025-12-17T05:13:18.347Z,INFO,WebApi,10.157.34.218,138,o9.Framework.Common.Logging.FrameworkLogger,WebApi received the request: POST /api/crud/tenants/5290/users/get,,kibo
,7b211f65-b0fd-4d2d-be7d-b6207b337628,,5290,5290,17709,2025-12-17T05:13:18.367Z,INFO,UserPreferenceService,10.157.32.119,580,o9.Framework.Logging.Loggers.FrameworkLogger,Received GET on /api/userpref/userdefaultpref. RequestType: Regular,,
,7b211f65-b0fd-4d2d-be7d-b6207b337628,,5290,5290,17709,2025-12-17T05:13:18.368Z,INFO,UserPreferenceService,10.157.32.119,580,o9.Framework.Logging.Loggers.FrameworkLogger,Completed GET on /api/userpref/userdefaultpref. in 1 ms,,
,5c80499e-2929-4e74-9a55-b022efd228cd,5290.289571,5290,5290,17709,2025-12-17T05:13:18.395Z,INFO,WebApi,10.157.32.246,214,o9.Framework.Common.Logging.FrameworkLogger,WebApi received the request: GET /api/tenants/undefined/search/v3/wiki/pages,,kibo
,5c80499e-2929-4e74-9a55-b022efd228cd,5290.289571,5290,5290,17709,2025-12-17T05:13:18.399Z,INFO,WebApi,10.157.32.246,792,o9.Framework.Common.Logging.FrameworkLogger,WebApi served the request: /api/tenants/undefined/search/v3/wiki/pages in : 4ms with status : OK,,kibo
,619c3b17-e656-41ae-b64a-77e93028cb64,5290.289571,5290,5290,17709,2025-12-17T05:13:18.426Z,INFO,WebApi,10.157.34.218,138,o9.Framework.Common.Logging.FrameworkLogger,WebApi served the request: /api/crud/tenants/5290/users/get in : 89ms with status : OK,,kibo
,619c3b17-e656-41ae-b64a-77e93028cb64,5290.289571,5290,5290,17709,2025-12-17T05:13:18.444Z,INFO,WebApi,10.157.34.218,498,o9.Framework.Common.Logging.FrameworkLogger,FrameworkHttpClient would send the request to URI - http://localhost:9876/api/crud/tenants/details/5290,,kibo
,619c3b17-e656-41ae-b64a-77e93028cb64,5290.289571,5290,5290,17709,2025-12-17T05:13:18.448Z,INFO,WebApi,10.157.34.218,890,o9.Framework.Common.Logging.FrameworkLogger,WebApi received the request: GET /api/crud/tenants/details/5290,,kibo
,619c3b17-e656-41ae-b64a-77e93028cb64,5290.289571,5290,5290,17709,2025-12-17T05:13:18.484Z,INFO,WebApi,10.157.34.218,498,o9.Framework.Common.Logging.FrameworkLogger,FrameworkHttpClient would send the request to URI - http://localhost:9876/api/crud/tenants/5290/ls/systemsettings/settingName/UIUsageStatsEnabled,,kibo
,619c3b17-e656-41ae-b64a-77e93028cb64,5290.289571,5290,5290,17709,2025-12-17T05:13:18.488Z,INFO,WebApi,10.157.34.218,705,o9.Framework.Common.Logging.FrameworkLogger,WebApi received the request: GET /api/crud/tenants/5290/ls/systemsettings/settingName/UIUsageStatsEnabled,,kibo
,619c3b17-e656-41ae-b64a-77e93028cb64,5290.289571,5290,5290,17709,2025-12-17T05:13:18.495Z,INFO,WebApi,10.157.34.218,705,o9.Framework.Common.Logging.FrameworkLogger,WebApi served the request: /api/crud/tenants/5290/ls/systemsettings/settingName/UIUsageStatsEnabled in : 10ms with status : OK,,kibo
,619c3b17-e656-41ae-b64a-77e93028cb64,5290.289571,5290,5290,17709,2025-12-17T05:13:18.503Z,INFO,WebApi,10.157.34.218,162,o9.Framework.Common.Logging.FrameworkLogger,WebApi served the request: /api/crud/tenants/details/5290 in : 60ms with status : OK,,kibo
,619c3b17-e656-41ae-b64a-77e93028cb64,5290.289571,5290,5290,17709,2025-12-17T05:13:18.506Z,INFO,WebApi,10.157.34.218,498,o9.Framework.Common.Logging.FrameworkLogger,FrameworkHttpClient would send the request to URI - http://localhost:9876/api/crud/tenants/5290/uiSettings,,kibo
,619c3b17-e656-41ae-b64a-77e93028cb64,5290.289571,5290,5290,17709,2025-12-17T05:13:18.510Z,INFO,WebApi,10.157.34.218,862,o9.Framework.Common.Logging.FrameworkLogger,WebApi received the request: GET /api/crud/tenants/5290/uiSettings,,kibo
,619c3b17-e656-41ae-b64a-77e93028cb64,5290.289571,5290,5290,17709,2025-12-17T05:13:18.541Z,INFO,WebApi,10.157.34.218,318,o9.Framework.Common.Logging.FrameworkLogger,WebApi served the request: /api/crud/tenants/5290/uiSettings in : 35ms with status : OK,,kibo
,619c3b17-e656-41ae-b64a-77e93028cb64,5290.289571,5290,5290,17709,2025-12-17T05:13:18.545Z,INFO,WebApi,10.157.34.218,498,o9.Framework.Common.Logging.FrameworkLogger,FrameworkHttpClient would send the request to URI - http://localhost:9876/api/crud/envversion,,kibo
,619c3b17-e656-41ae-b64a-77e93028cb64,5290.289571,5290,5290,17709,2025-12-17T05:13:18.553Z,INFO,WebApi,10.157.34.218,884,o9.Framework.Common.Logging.FrameworkLogger,WebApi received the request: GET /api/crud/envversion,,kibo
,619c3b17-e656-41ae-b64a-77e93028cb64,5290.289571,5290,5290,17709,2025-12-17T05:13:18.558Z,INFO,WebApi,10.157.34.218,884,o9.Framework.Common.Logging.FrameworkLogger,WebApi served the request: /api/crud/envversion in : 9ms with status : OK,,kibo
,619c3b17-e656-41ae-b64a-77e93028cb64,5290.289571,5290,5290,17709,2025-12-17T05:13:18.563Z,INFO,WebApi,10.157.34.218,100,o9.Framework.Common.Logging.FrameworkLogger,FrameworkHttpClient would send the request to URI - http://localhost:9876/api/tenants/5290/search/v3/wiki/page?query=Favorites,,kibo
,619c3b17-e656-41ae-b64a-77e93028cb64,5290.289571,5290,5290,17709,2025-12-17T05:13:18.566Z,INFO,WebApi,10.157.34.218,356,o9.Framework.Common.Logging.FrameworkLogger,WebApi received the request: GET /api/tenants/5290/search/v3/wiki/page,,kibo
,619c3b17-e656-41ae-b64a-77e93028cb64,5290.289571,5290,5290,17709,2025-12-17T05:13:18.567Z,INFO,WebApi,10.157.34.218,301,o9.Framework.Common.Logging.FrameworkLogger,WebApi served the request: /api/tenants/5290/search/v3/wiki/page in : 6ms with status : OK,,kibo
,619c3b17-e656-41ae-b64a-77e93028cb64,5290.289571,5290,5290,17709,2025-12-17T05:13:18.573Z,INFO,WebApi,10.157.34.218,96,o9.Framework.Common.Logging.FrameworkLogger,WebApi served the request: /api/user/v1 in : 240ms with status : OK,,kibo
,81abf291-70b3-49fc-93b3-7926e8c217db,5290.289571,5290,5290,17709,2025-12-17T05:13:18.968Z,INFO,WebApi,10.157.34.218,498,o9.Framework.Common.Logging.FrameworkLogger,WebApi received the request: GET /api/crud/tenants/5290/v1/alert/reportdigests,,kibo
,81abf291-70b3-49fc-93b3-7926e8c217db,5290.289571,5290,5290,17709,2025-12-17T05:13:18.973Z,INFO,WebApi,10.157.34.218,418,o9.Framework.Common.Logging.FrameworkLogger,WebApi served the request: /api/crud/tenants/5290/v1/alert/reportdigests in : 8ms with status : OK,,kibo
,e0ec4d18-ca28-4476-8ec9-5a75cbb23b8b,5290.289571,5290,5290,17709,2025-12-17T05:13:18.979Z,INFO,WebApi,10.157.32.64,73,o9.Framework.Common.Logging.FrameworkLogger,WebApi received the request: GET /api/crud/tenants/5290/memberRelationshipTypes,,kibo
,3c518079-b7e5-42a2-a045-4a6741fda076,5290.289571,5290,5290,17709,2025-12-17T05:13:18.979Z,INFO,WebApi,10.157.32.246,214,o9.Framework.Common.Logging.FrameworkLogger,WebApi received the request: GET /api/v2/uiconfig/layout,,kibo
,e0ec4d18-ca28-4476-8ec9-5a75cbb23b8b,5290.289571,5290,5290,17709,2025-12-17T05:13:18.991Z,INFO,WebApi,10.157.32.64,317,o9.Framework.Common.Logging.FrameworkLogger,WebApi served the request: /api/crud/tenants/5290/memberRelationshipTypes in : 12ms with status : OK,,kibo
,fe832025-3528-4e18-a3f0-84f65b8d7bc5,5290.289571,5290,5290,17709,2025-12-17T05:13:19.387Z,INFO,WebApi,10.157.32.246,214,o9.Framework.Common.Logging.FrameworkLogger,WebApi received the request: GET /api/crud/tenants/5290/dimensionswithtranslations/en-US,,kibo
,fe832025-3528-4e18-a3f0-84f65b8d7bc5,5290.289571,5290,5290,17709,2025-12-17T05:13:19.394Z,INFO,WebApi,10.157.32.246,186,o9.Framework.Common.Logging.FrameworkLogger,Reading cache for - A7538706306AC3CD332FD258BF779D99 in 0 ms,,kibo
,fe832025-3528-4e18-a3f0-84f65b8d7bc5,5290.289571,5290,5290,17709,2025-12-17T05:13:19.394Z,INFO,WebApi,10.157.32.246,489,o9.Framework.Common.Logging.FrameworkLogger,WebApi served the request: /api/crud/tenants/5290/dimensionswithtranslations/en-US in : 5ms with status : OK,,kibo
,3c518079-b7e5-42a2-a045-4a6741fda076,5290.289571,5290,5290,17709,2025-12-17T05:13:19.532Z,INFO,WebApi,10.157.32.246,162,o9.Framework.Common.Logging.FrameworkLogger,WebApi served the request: /api/v2/uiconfig/layout in : 550ms with status : OK,,kibo
,00000000-0000-0000-0000-000000000000,5290.289571,5290,5290,17709,2025-12-17T05:13:19.690Z,INFO,WebApi,10.157.34.218,220,o9.Framework.Common.Logging.FrameworkLogger,WebApi received the request: POST /api/clientconnections/VoC0Y0CFrILYJeACETZcdw,,kibo
,00000000-0000-0000-0000-000000000000,5290.289571,5290,5290,17709,2025-12-17T05:13:19.701Z,INFO,WebApi,10.157.34.218,896,o9.Framework.Common.Logging.FrameworkLogger,WebApi served the request: /api/clientconnections/VoC0Y0CFrILYJeACETZcdw in : 7ms with status : OK,,kibo
,b9c91764-2c6d-448e-82d9-2a8f04efc897,,5290,5290,17709,2025-12-17T05:13:21.907Z,INFO,o9.MicroService.Scheduling,10.157.35.254,1811,o9.Framework.Logging.Loggers.FrameworkLogger,Received GET on /api/notifications. RequestType: Regular,,
,b63eab40-5c42-4a34-8903-4e3973b11234,5290.289571,5290,5290,17709,2025-12-17T05:13:21.908Z,INFO,WebApi,10.157.32.64,73,o9.Framework.Common.Logging.FrameworkLogger,WebApi received the request: GET /api/crud/tenants/5290/widgetdefinitions,,kibo
,b63eab40-5c42-4a34-8903-4e3973b11234,5290.289571,5290,5290,17709,2025-12-17T05:13:21.911Z,INFO,WebApi,10.157.32.64,922,o9.Framework.Common.Logging.FrameworkLogger,Reading cache for - D4064544FADD7644A5F12C5DAE6F0D0E in 0 ms,,kibo
,b9c91764-2c6d-448e-82d9-2a8f04efc897,,5290,5290,17709,2025-12-17T05:13:21.911Z,INFO,o9.MicroService.Scheduling,10.157.35.254,1811,o9.Framework.Logging.Loggers.FrameworkLogger,Completed GET on /api/notifications with status 200 in 4 ms,,
,b63eab40-5c42-4a34-8903-4e3973b11234,5290.289571,5290,5290,17709,2025-12-17T05:13:21.914Z,INFO,WebApi,10.157.32.64,479,o9.Framework.Common.Logging.FrameworkLogger,WebApi served the request: /api/crud/tenants/5290/widgetdefinitions in : 4ms with status : OK,,kibo
,82d03cef-3136-46e9-b421-de1c27ba7f8f,5290.289571,5290,5290,17709,2025-12-17T05:13:21.955Z,INFO,WebApi,10.157.32.64,73,o9.Framework.Common.Logging.FrameworkLogger,WebApi received the request: GET /api/tenants/PBNAIBPPT/backups/,,kibo
,82d03cef-3136-46e9-b421-de1c27ba7f8f,5290.289571,5290,5290,17709,2025-12-17T05:13:21.957Z,INFO,WebApi,10.157.32.64,73,o9.Framework.Common.Logging.FrameworkLogger,Backup DB Context used for fetching Backups is: o9.RWF.Helper.DbContext.MicrosoftAzureTableStorageContext,,kibo
,2d38de33-dc99-461d-bf0f-ae92298f3a95,5290.289571,5290,5290,17709,2025-12-17T05:13:22.065Z,INFO,WebApi,10.157.32.64,1038,o9.Framework.Common.Logging.FrameworkLogger,WebApi received the request: GET /api/crud/tenants/5290,,kibo
,2d38de33-dc99-461d-bf0f-ae92298f3a95,5290.289571,5290,5290,17709,2025-12-17T05:13:22.082Z,INFO,WebApi,10.157.32.64,909,o9.Framework.Common.Logging.FrameworkLogger,WebApi served the request: /api/crud/tenants/5290 in : 11ms with status : OK,,kibo
,92f23800-db9d-4606-9533-f26cfd8beaae,5290.289571,5290,5290,17709,2025-12-17T05:13:22.473Z,INFO,WebApi,10.157.32.246,424,o9.Framework.Common.Logging.FrameworkLogger,WebApi received the request: GET /api/restore/tenants/,,kibo
,92f23800-db9d-4606-9533-f26cfd8beaae,5290.289571,5290,5290,17709,2025-12-17T05:13:22.485Z,INFO,WebApi,10.157.32.246,269,o9.Framework.Common.Logging.FrameworkLogger,WebApi served the request: /api/restore/tenants/ in : 16ms with status : OK,,kibo
,d8ad8ce2-f23e-4447-876d-59a7892cbc4a,5290.289571,5290,5290,17709,2025-12-17T05:13:22.980Z,INFO,WebApi,10.157.32.246,424,o9.Framework.Common.Logging.FrameworkLogger,WebApi received the request: GET /api/crud/tenants/lsconfigsuggestions,,kibo
,d8ad8ce2-f23e-4447-876d-59a7892cbc4a,5290.289571,5290,5290,17709,2025-12-17T05:13:22.984Z,INFO,WebApi,10.157.32.246,618,o9.Framework.Common.Logging.FrameworkLogger,WebApi served the request: /api/crud/tenants/lsconfigsuggestions in : 9ms with status : OK,,kibo
,82d03cef-3136-46e9-b421-de1c27ba7f8f,5290.289571,5290,5290,17709,2025-12-17T05:13:24.540Z,INFO,WebApi,10.157.32.64,137,o9.Framework.Common.Logging.FrameworkLogger,WebApi served the request: /api/tenants/PBNAIBPPT/backups/ in : 2584ms with status : OK,,kibo
,54defef8-d5da-44c7-8376-867e749524f1,5290.289571,5290,5290,17709,2025-12-17T05:13:25.582Z,INFO,WebApi,10.157.32.64,73,o9.Framework.Common.Logging.FrameworkLogger,WebApi received the request: GET /api/crud/tenants/5290/users/,,kibo
,54defef8-d5da-44c7-8376-867e749524f1,5290.289571,5290,5290,17709,2025-12-17T05:13:25.921Z,INFO,WebApi,10.157.32.64,137,o9.Framework.Common.Logging.FrameworkLogger,WebApi served the request: /api/crud/tenants/5290/users/ in : 338ms with status : OK,,kibo
,7c13c038-34c2-4ddf-b9e5-d0ef92ad3c88,5290.289571,5290,5290,17709,2025-12-17T05:14:15.299Z,INFO,WebApi,10.157.32.64,73,o9.Framework.Common.Logging.FrameworkLogger,WebApi received the request: POST /api/backup/attempt/4e4e6940-a9dd-4027-8b44-f3dca37a2891/retry,,kibo
,7c13c038-34c2-4ddf-b9e5-d0ef92ad3c88,5290.289571,5290,5290,17709,2025-12-17T05:14:17.271Z,INFO,WebApi,10.157.32.64,105,o9.Framework.Common.Logging.FrameworkLogger,Started a new RWF based backup for tenant pbnaibppt,,kibo
,7c13c038-34c2-4ddf-b9e5-d0ef92ad3c88,5290.289571,5290,5290,17709,2025-12-17T05:14:17.272Z,INFO,WebApi,10.157.32.64,409,o9.Framework.Common.Logging.FrameworkLogger,WebApi served the request: /api/backup/attempt/4e4e6940-a9dd-4027-8b44-f3dca37a2891/retry in : 1969ms with status : OK,,kibo
,7c13c038-34c2-4ddf-b9e5-d0ef92ad3c88,5290.289571,5290,5290,17709,2025-12-17T05:14:17.279Z,INFO,WebApi,10.157.34.218,948,o9.Framework.Common.Logging.FrameworkLogger,GlobalMutex: Acquiring exclusive lock for resource: RestoreDecider-4e4e6940-a9dd-4027-8b44-f3dca37a2891,,kibo
,7c13c038-34c2-4ddf-b9e5-d0ef92ad3c88,5290.289571,5290,5290,17709,2025-12-17T05:14:17.283Z,INFO,WebApi,10.157.34.218,948,o9.Framework.Common.Logging.FrameworkLogger,GlobalMutex: Finished acquiring exclusive lock for resource: RestoreDecider-4e4e6940-a9dd-4027-8b44-f3dca37a2891,,kibo
,7c13c038-34c2-4ddf-b9e5-d0ef92ad3c88,5290.289571,5290,5290,17709,2025-12-17T05:14:17.283Z,INFO,WebApi,10.157.34.218,948,o9.Framework.Common.Logging.FrameworkLogger,BackupRestoreDeciderHandler received message from: ,,kibo
,7c13c038-34c2-4ddf-b9e5-d0ef92ad3c88,5290.289571,5290,5290,17709,2025-12-17T05:14:18.666Z,INFO,WebApi,10.157.34.218,948,o9.Framework.Common.Logging.FrameworkLogger,BackupWorkFlow step added to cloudDB: BackupPrepareActivity(SCHEDULED),,kibo
,7c13c038-34c2-4ddf-b9e5-d0ef92ad3c88,5290.289571,5290,5290,17709,2025-12-17T05:14:18.683Z,INFO,WebApi,10.157.34.218,600,o9.Framework.Common.Logging.FrameworkLogger,Backup Decider scheduling activity: BackupPrepareActivity,,kibo
,7c13c038-34c2-4ddf-b9e5-d0ef92ad3c88,5290.289571,5290,5290,17709,2025-12-17T05:14:18.683Z,INFO,WebApi,10.157.34.218,600,o9.Framework.Common.Logging.FrameworkLogger,GlobalMutex: Releasing exclusive lock for resource: RestoreDecider-4e4e6940-a9dd-4027-8b44-f3dca37a2891,,kibo
,7c13c038-34c2-4ddf-b9e5-d0ef92ad3c88,5290.289571,5290,5290,17709,2025-12-17T05:14:18.693Z,INFO,WebApi,10.157.34.218,600,o9.Framework.Common.Logging.FrameworkLogger,GlobalMutex: Finished releasing exclusive lock for resource: RestoreDecider-4e4e6940-a9dd-4027-8b44-f3dca37a2891,,kibo
,7c13c038-34c2-4ddf-b9e5-d0ef92ad3c88,5290.289571,5290,5290,17709,2025-12-17T05:14:18.697Z,INFO,WebApi,10.157.34.218,401,o9.Framework.Common.Logging.FrameworkLogger,Inside Lock for task: 4e4e6940-a9dd-4027-8b44-f3dca37a2891.BackupPrepareActivity,,kibo
,7c13c038-34c2-4ddf-b9e5-d0ef92ad3c88,5290.289571,5290,5290,17709,2025-12-17T05:14:18.697Z,INFO,WebApi,10.157.34.218,401,o9.Framework.Common.Logging.FrameworkLogger,Preparing for backup process activity task started...,,kibo
,7c13c038-34c2-4ddf-b9e5-d0ef92ad3c88,5290.289571,5290,5290,17709,2025-12-17T05:14:18.714Z,INFO,WebApi,10.157.34.218,401,o9.Framework.Common.Logging.FrameworkLogger,BackupWorkFlow step updated in cloudDB: BackupPrepareActivity(STARTED),,kibo
,7c13c038-34c2-4ddf-b9e5-d0ef92ad3c88,5290.289571,5290,5290,17709,2025-12-17T05:14:30.011Z,INFO,WebApi,10.157.34.218,846,o9.Framework.Common.Logging.FrameworkLogger,Value of UseAzCopy is [True],,kibo
,7c13c038-34c2-4ddf-b9e5-d0ef92ad3c88,5290.289571,5290,5290,17709,2025-12-17T05:14:30.011Z,INFO,WebApi,10.157.34.218,846,o9.Framework.Common.Logging.FrameworkLogger,Value of SignedUrlTimeoutInSec is [300],,kibo
,7c13c038-34c2-4ddf-b9e5-d0ef92ad3c88,5290.289571,5290,5290,17709,2025-12-17T05:14:30.043Z,INFO,WebApi,10.157.34.218,401,o9.Framework.Common.Logging.FrameworkLogger,Successfully prepared backup process,,kibo
,7c13c038-34c2-4ddf-b9e5-d0ef92ad3c88,5290.289571,5290,5290,17709,2025-12-17T05:14:30.074Z,INFO,WebApi,10.157.34.218,401,o9.Framework.Common.Logging.FrameworkLogger,BackupWorkFlow step updated in cloudDB: BackupPrepareActivity(COMPLETED),,kibo
,7c13c038-34c2-4ddf-b9e5-d0ef92ad3c88,5290.289571,5290,5290,17709,2025-12-17T05:14:40.084Z,INFO,WebApi,10.157.34.218,401,o9.Framework.Common.Logging.FrameworkLogger,Preparing for backup process activity task completed with status - Successfully prepared backup process,,kibo
,7c13c038-34c2-4ddf-b9e5-d0ef92ad3c88,5290.289571,5290,5290,17709,2025-12-17T05:14:40.100Z,INFO,WebApi,10.157.32.64,184,o9.Framework.Common.Logging.FrameworkLogger,GlobalMutex: Acquiring exclusive lock for resource: RestoreDecider-4e4e6940-a9dd-4027-8b44-f3dca37a2891,,kibo
,7c13c038-34c2-4ddf-b9e5-d0ef92ad3c88,5290.289571,5290,5290,17709,2025-12-17T05:14:40.108Z,INFO,WebApi,10.157.32.64,184,o9.Framework.Common.Logging.FrameworkLogger,GlobalMutex: Finished acquiring exclusive lock for resource: RestoreDecider-4e4e6940-a9dd-4027-8b44-f3dca37a2891,,kibo
,7c13c038-34c2-4ddf-b9e5-d0ef92ad3c88,5290.289571,5290,5290,17709,2025-12-17T05:14:40.108Z,INFO,WebApi,10.157.32.64,184,o9.Framework.Common.Logging.FrameworkLogger,BackupRestoreDeciderHandler received message from: BackupPrepareActivity,,kibo
,7c13c038-34c2-4ddf-b9e5-d0ef92ad3c88,5290.289571,5290,5290,17709,2025-12-17T05:14:41.453Z,INFO,WebApi,10.157.32.64,184,o9.Framework.Common.Logging.FrameworkLogger,BackupWorkFlow step added to cloudDB: BackupLiveServerSaveActivity(SCHEDULED),,kibo
,7c13c038-34c2-4ddf-b9e5-d0ef92ad3c88,5290.289571,5290,5290,17709,2025-12-17T05:14:41.469Z,INFO,WebApi,10.157.32.64,73,o9.Framework.Common.Logging.FrameworkLogger,Backup Decider scheduling activity: BackupLiveServerSaveActivity,,kibo
,7c13c038-34c2-4ddf-b9e5-d0ef92ad3c88,5290.289571,5290,5290,17709,2025-12-17T05:14:41.469Z,INFO,WebApi,10.157.32.64,73,o9.Framework.Common.Logging.FrameworkLogger,GlobalMutex: Releasing exclusive lock for resource: RestoreDecider-4e4e6940-a9dd-4027-8b44-f3dca37a2891,,kibo
,7c13c038-34c2-4ddf-b9e5-d0ef92ad3c88,5290.289571,5290,5290,17709,2025-12-17T05:14:41.472Z,INFO,WebApi,10.157.32.246,186,o9.Framework.Common.Logging.FrameworkLogger,Inside Lock for task: 4e4e6940-a9dd-4027-8b44-f3dca37a2891.BackupLiveServerSaveActivity,,kibo
,7c13c038-34c2-4ddf-b9e5-d0ef92ad3c88,5290.289571,5290,5290,17709,2025-12-17T05:14:41.472Z,INFO,WebApi,10.157.32.246,186,o9.Framework.Common.Logging.FrameworkLogger,Running LiveServer Save before Backup activity task started...,,kibo
,7c13c038-34c2-4ddf-b9e5-d0ef92ad3c88,5290.289571,5290,5290,17709,2025-12-17T05:14:41.476Z,INFO,WebApi,10.157.32.64,73,o9.Framework.Common.Logging.FrameworkLogger,GlobalMutex: Finished releasing exclusive lock for resource: RestoreDecider-4e4e6940-a9dd-4027-8b44-f3dca37a2891,,kibo
,7c13c038-34c2-4ddf-b9e5-d0ef92ad3c88,5290.289571,5290,5290,17709,2025-12-17T05:14:41.520Z,INFO,WebApi,10.157.32.246,186,o9.Framework.Common.Logging.FrameworkLogger,BackupWorkFlow step updated in cloudDB: BackupLiveServerSaveActivity(STARTED),,kibo
,7c13c038-34c2-4ddf-b9e5-d0ef92ad3c88,5290.289571,5290,5290,17709,2025-12-17T05:14:51.535Z,INFO,WebApi,10.157.32.246,186,o9.Framework.Common.Logging.FrameworkLogger,CreateCommand: 0ms,,kibo
,7c13c038-34c2-4ddf-b9e5-d0ef92ad3c88,5290.289571,5290,5290,17709,2025-12-17T05:14:51.535Z,INFO,WebApi,10.157.32.246,186,o9.Framework.Common.Logging.FrameworkLogger,"Query Opened: Save(""F:\\mPowerStore\\PBNAIBPPT\\data_4e4e6940-a9dd-4027-8b44-f3dca37a2891"") ARGUMENTS { ""BackupExternalData"" : true, ""ExternalDataBackupLocation"" : ""4e4e6940-a9dd-4027-8b44-f3dca37a2891"" } ;",,kibo
,7c13c038-34c2-4ddf-b9e5-d0ef92ad3c88,5290.289571,5290,5290,17709,2025-12-17T05:14:51.544Z,INFO,LiveServer,10.157.35.162,171,o9.GraphCube.Service.GraphCubeService,"Query Received: {1.116}: Save(""F:\\mPowerStore\\PBNAIBPPT\\data_4e4e6940-a9dd-4027-8b44-f3dca37a2891"") ARGUMENTS { ""BackupExternalData"" : true, ""ExternalDataBackupLocation"" : ""4e4e6940-a9dd-4027-8b44-f3dca37a2891"" } ;",,
,7c13c038-34c2-4ddf-b9e5-d0ef92ad3c88,5290.289571,5290,5290,17709,2025-12-17T05:14:51.545Z,INFO,LiveServer,10.157.35.162,171,o9.GraphCube.ibpl.engine.IBPLQueryExecutor,Using new auto commit transaction: [f306aab6-e37e-48a4-bbfb-b22bfe382aae],,
,7c13c038-34c2-4ddf-b9e5-d0ef92ad3c88,5290.289571,5290,5290,17709,2025-12-17T05:14:51.545Z,INFO,LiveServer,10.157.35.162,171,o9.GraphCube.ibpl.engine.IBPLQueryExecutor,"Roles:[admin,dataadmin,System Architect,$RA-sauvik.neogi@o9solutions.com]",,
,7c13c038-34c2-4ddf-b9e5-d0ef92ad3c88,5290.289571,5290,5290,17709,2025-12-17T05:14:51.545Z,INFO,LiveServer,10.157.35.162,171,o9.GraphCube.server.ConcurrentDatabaseWriteAspect,Acquiring Exclusive lock on DB. Method: [VisitSave] ParameterTypes:[o9.GraphCube.ibpl.compiler.commandexpressions.SaveEngineCommandExpression],,
,7c13c038-34c2-4ddf-b9e5-d0ef92ad3c88,5290.289571,5290,5290,17709,2025-12-17T05:14:51.545Z,INFO,LiveServer,10.157.35.162,171,o9.GraphCube.server.ConcurrentDatabaseWriteAspect,Acquired Exclusive lock on DB. Method: [VisitSave] ParameterTypes:[o9.GraphCube.ibpl.compiler.commandexpressions.SaveEngineCommandExpression],,
,7c13c038-34c2-4ddf-b9e5-d0ef92ad3c88,5290.289571,5290,5290,17709,2025-12-17T05:14:51.545Z,INFO,LiveServer,10.157.35.162,171,o9.GraphCube.relational.storage.save.BackgroundSaveTracker,Acquiring exclusive lock on background save tracker,,
,7c13c038-34c2-4ddf-b9e5-d0ef92ad3c88,5290.289571,5290,5290,17709,2025-12-17T05:14:51.549Z,INFO,LiveServer,10.157.35.162,171,o9.GraphCube.bgsave.BackgroundSaveOptions,"Background Save Options: {
  ""Concurrency"": 3,
  ""TransactionWaitTimeoutSecs"": 600,
  ""CheckPointWaitTimeoutSecs"": 1200,
  ""TableLockWaitTimeoutSecs"": 60,
  ""PreserveTxFilesAfterSave"": false
}",,
,7c13c038-34c2-4ddf-b9e5-d0ef92ad3c88,5290.289571,5290,5290,17709,2025-12-17T05:14:51.549Z,INFO,LiveServer,10.157.35.162,171,o9.GraphCube.relational.storage.save.BackgroundSaveTracker,Acquired exclusive lock on background save tracker,,
,7c13c038-34c2-4ddf-b9e5-d0ef92ad3c88,5290.289571,5290,5290,17709,2025-12-17T05:14:51.549Z,INFO,LiveServer,10.157.35.162,171,o9.GraphCube.ibpl.engine.WriteCommandGlobalLockAspect,Acquiring Exclusive lock on global write lock object. Method: [VisitSave] ParameterTypes:[o9.GraphCube.ibpl.compiler.commandexpressions.SaveEngineCommandExpression],,
,7c13c038-34c2-4ddf-b9e5-d0ef92ad3c88,5290.289571,5290,5290,17709,2025-12-17T05:14:51.549Z,INFO,LiveServer,10.157.35.162,171,o9.GraphCube.ibpl.engine.WriteCommandGlobalLockAspect,Acquired Exclusive lock on global write lock object. Method: [VisitSave] ParameterTypes:[o9.GraphCube.ibpl.compiler.commandexpressions.SaveEngineCommandExpression],,
,7c13c038-34c2-4ddf-b9e5-d0ef92ad3c88,5290.289571,5290,5290,17709,2025-12-17T05:14:51.633Z,INFO,LiveServer,10.157.35.162,171,o9.GraphCube.relational.storage.save.SaveManager,"[Checkpoint] Disk-Space Check:DataSize = 1581085.18 MB, ReqFreeSpace = 474325 MB, DataFolderSpace = 4897430 MB. Check-Time = 67 ms",,
,7c13c038-34c2-4ddf-b9e5-d0ef92ad3c88,5290.289571,5290,5290,17709,2025-12-17T05:14:51.633Z,ERROR,LiveServer,10.157.35.162,171,o9.GraphCube.relational.storage.save.SaveManager,"Insufficient disk-space to perform checkpoint (required = 474325 MB, DataFolder Size = 1581085.1771030426 MB, Checkpoint Free = 261273 MB, Checkpoint Folder Path = S:\PBNAIBPPT).  Please contact o9 DevOps team for support.",,
,7c13c038-34c2-4ddf-b9e5-d0ef92ad3c88,5290.289571,5290,5290,17709,2025-12-17T05:14:51.633Z,INFO,LiveServer,10.157.35.162,171,o9.GraphCube.relational.storage.save.SaveManager,"Ops to clean space, If space check failure is due to disk space, reduce CheckpointSpaceMultiplier config, this config should be reduced if data drive has enough space",,
,7c13c038-34c2-4ddf-b9e5-d0ef92ad3c88,5290.289571,5290,5290,17709,2025-12-17T05:14:51.634Z,INFO,LiveServer,10.157.35.162,171,o9.GraphCube.ibpl.engine.WriteCommandGlobalLockAspect,Releasing Exclusive lock on global write lock object. Method: [VisitSave] ParameterTypes:[o9.GraphCube.ibpl.compiler.commandexpressions.SaveEngineCommandExpression],,
,7c13c038-34c2-4ddf-b9e5-d0ef92ad3c88,5290.289571,5290,5290,17709,2025-12-17T05:14:51.634Z,INFO,LiveServer,10.157.35.162,171,o9.GraphCube.ibpl.engine.WriteCommandGlobalLockAspect,Released Exclusive lock on global write lock object. Method: [VisitSave] ParameterTypes:[o9.GraphCube.ibpl.compiler.commandexpressions.SaveEngineCommandExpression],,
,7c13c038-34c2-4ddf-b9e5-d0ef92ad3c88,5290.289571,5290,5290,17709,2025-12-17T05:14:51.634Z,INFO,LiveServer,10.157.35.162,171,o9.GraphCube.relational.storage.save.BackgroundSaveTracker,Releasing exclusive lock on background save tracker,,
,7c13c038-34c2-4ddf-b9e5-d0ef92ad3c88,5290.289571,5290,5290,17709,2025-12-17T05:14:51.634Z,INFO,LiveServer,10.157.35.162,171,o9.GraphCube.relational.storage.save.BackgroundSaveTracker,Released exclusive lock on background save tracker,,
,7c13c038-34c2-4ddf-b9e5-d0ef92ad3c88,5290.289571,5290,5290,17709,2025-12-17T05:14:51.634Z,INFO,LiveServer,10.157.35.162,171,o9.GraphCube.server.ConcurrentDatabaseWriteAspect,Releasing Exclusive lock on DB. Method: [VisitSave] ParameterTypes:[o9.GraphCube.ibpl.compiler.commandexpressions.SaveEngineCommandExpression],,
,7c13c038-34c2-4ddf-b9e5-d0ef92ad3c88,5290.289571,5290,5290,17709,2025-12-17T05:14:51.634Z,INFO,LiveServer,10.157.35.162,171,o9.GraphCube.server.ConcurrentDatabaseWriteAspect,Released Exclusive lock on DB after [88]ms. Method: [VisitSave] ParameterTypes:[o9.GraphCube.ibpl.compiler.commandexpressions.SaveEngineCommandExpression],,
,7c13c038-34c2-4ddf-b9e5-d0ef92ad3c88,5290.289571,5290,5290,17709,2025-12-17T05:14:51.634Z,ERROR,LiveServer,10.157.35.162,171,o9.GraphCube.ibpl.engine.IBPLQueryExecutor,"Error during execution of IBPL expression:    at o9.GraphCube.relational.storage.save.SaveManager.VerifyCheckpointFreeSpace(Double multiplier, SpaceTimeStats stats) in C:\a\1\o9.Platform\LiveServer\Server\o9.GraphCube\relational\storage\save\SaveManager.cs:line 3017
   at o9.GraphCube.relational.storage.save.SaveManager.VerifyDiskFreeSpace(Boolean forUpgrade, SpaceTimeStats stats) in C:\a\1\o9.Platform\LiveServer\Server\o9.GraphCube\relational\storage\save\SaveManager.cs:line 2943
   at o9.GraphCube.relational.storage.save.SaveManager.Save(String saveFolderName, Boolean saveInParallel, Boolean obfuscate, Boolean forUpgrade, SaveManagerParameters parameters, Boolean background) in C:\a\1\o9.Platform\LiveServer\Server\o9.GraphCube\relational\storage\save\SaveManager.cs:line 327
   at o9.GraphCube.ibpl.compiler.commandexpressions.SaveEngineCommandExpression.Evaluate() in C:\a\1\o9.Platform\LiveServer\Server\o9.GraphCube\ibpl\compiler\commandexpressions\SaveEngineCommandExpression.cs:line 104
   at o9.GraphCube.ibpl.engine.IBPLQueryExecutor.VisitSave(SaveEngineCommandExpression node) in C:\a\1\o9.Platform\LiveServer\Server\o9.GraphCube\ibpl\engine\IBPLQueryExecutor.cs:line 2242
   at o9.GraphCube.ibpl.engine.IBPLQueryExecutor.Visit(SaveEngineCommandExpression node) in C:\a\1\o9.Platform\LiveServer\Server\o9.GraphCube\ibpl\engine\IBPLQueryExecutor.cs:line 2224
   at o9.GraphCube.ibpl.compiler.commandexpressions.SaveEngineCommandExpression.Accept(ILanguageWalker walker) in C:\a\1\o9.Platform\LiveServer\Server\o9.GraphCube\ibpl\compiler\commandexpressions\SaveEngineCommandExpression.cs:line 79
   at o9.GraphCube.ibpl.engine.IBPLQueryExecutor.ExecuteExpressions(IList`1 exprList) in C:\a\1\o9.Platform\LiveServer\Server\o9.GraphCube\ibpl\engine\IBPLQueryExecutor.cs:line 486
   at o9.GraphCube.ibpl.engine.IBPLQueryExecutor.ExecuteIBPLQuery(IDbCommand ibplCommand, List`1 parameterCollection, Guid transactionId, Boolean isNested) in C:\a\1\o9.Platform\LiveServer\Server\o9.GraphCube\ibpl\engine\IBPLQueryExecutor.cs:line 214",,
,7c13c038-34c2-4ddf-b9e5-d0ef92ad3c88,5290.289571,5290,5290,17709,2025-12-17T05:14:51.634Z,ERROR,LiveServer,10.157.35.162,171,o9.GraphCube.ibpl.engine.IBPLQueryExecutor,"Error during execution of IBPL expression: Insufficient disk-space to perform checkpoint (required = 474325 MB, DataFolder Size = 1581085.1771030426 MB, Checkpoint Free = 261273 MB, Checkpoint Folder Path = S:\PBNAIBPPT).  Please contact o9 DevOps team for support.",,
,7c13c038-34c2-4ddf-b9e5-d0ef92ad3c88,5290.289571,5290,5290,17709,2025-12-17T05:14:51.634Z,INFO,LiveServer,10.157.35.162,171,o9.GraphCube.Service.GraphCubeService,CPU TIME: {1.116}: 89ms,,
,7c13c038-34c2-4ddf-b9e5-d0ef92ad3c88,5290.289571,5290,5290,17709,2025-12-17T05:14:51.634Z,ERROR,LiveServer,10.157.35.162,171,o9.GraphCube.Service.GraphCubeService,"Query Execution Failed with the following Errors:
6: Insufficient disk-space to perform checkpoint (required = 474325 MB, DataFolder Size = 1581085.1771030426 MB, Checkpoint Free = 261273 MB, Checkpoint Folder Path = S:\PBNAIBPPT).  Please contact o9 DevOps team for support.
",,
,7c13c038-34c2-4ddf-b9e5-d0ef92ad3c88,5290.289571,5290,5290,17709,2025-12-17T05:14:51.634Z,ERROR,LiveServer,10.157.35.162,171,o9.GraphCube.Service.GraphCubeService,"   at o9.GraphCube.Service.GraphCubeService.ExecuteIBPLQuery(IBPLQueryParameters qParams, Nullable`1 transactionID) in C:\a\1\o9.Platform\LiveServer\Server\o9.GraphCube.Service\GraphCubeService.cs:line 272",,
,7c13c038-34c2-4ddf-b9e5-d0ef92ad3c88,5290.289571,5290,5290,17709,2025-12-17T05:14:51.634Z,ERROR,LiveServer,10.157.35.162,171,o9.GraphCube.Service.GraphCubeServiceInterceptor,Exception: ,"o9.GraphCube.util.GraphCubeException: Query Execution Failed with the following Errors:
6: Insufficient disk-space to perform checkpoint (required = 474325 MB, DataFolder Size = 1581085.1771030426 MB, Checkpoint Free = 261273 MB, Checkpoint Folder Path = S:\PBNAIBPPT).  Please contact o9 DevOps team for support.

   at o9.GraphCube.Service.GraphCubeService.ExecuteIBPLQuery(IBPLQueryParameters qParams, Nullable`1 transactionID) in C:\a\1\o9.Platform\LiveServer\Server\o9.GraphCube.Service\GraphCubeService.cs:line 272
   at o9.GraphCube.Service.service.GraphCubeGrpcService.ExecuteIBPLQuery(IBPLQueryRequest request, ServerCallContext context) in C:\a\1\o9.Platform\LiveServer\Server\o9.GraphCube.Service\service\GraphCubeGrpcService.cs:line 23
   at Grpc.Shared.Server.UnaryServerMethodInvoker`3.ResolvedInterceptorInvoker(TRequest resolvedRequest, ServerCallContext resolvedContext)
   at Grpc.Shared.Server.UnaryServerMethodInvoker`3.ResolvedInterceptorInvoker(TRequest resolvedRequest, ServerCallContext resolvedContext)
   at o9.GraphCube.Service.GraphCubeServiceInterceptor.UnaryServerHandler[TRequest,TResponse](TRequest request, ServerCallContext context, UnaryServerMethod`2 continuation) in C:\a\1\o9.Platform\LiveServer\Server\o9.GraphCube.Service\GraphCubeServiceInterceptor.cs:line 91
",
,7c13c038-34c2-4ddf-b9e5-d0ef92ad3c88,5290.289571,5290,5290,17709,2025-12-17T05:14:51.636Z,ERROR,WebApi,10.157.32.246,792,o9.Framework.Common.Logging.FrameworkLogger,"Query Execution Failed with the following Errors:
6: Insufficient disk-space to perform checkpoint (required = 474325 MB, DataFolder Size = 1581085.1771030426 MB, Checkpoint Free = 261273 MB, Checkpoint Folder Path = S:\PBNAIBPPT).  Please contact o9 DevOps team for support.
",,kibo
,7c13c038-34c2-4ddf-b9e5-d0ef92ad3c88,5290.289571,5290,5290,17709,2025-12-17T05:14:51.636Z,INFO,WebApi,10.157.32.246,792,o9.Framework.Common.Logging.FrameworkLogger,Query Closed: 101ms,,kibo
,7c13c038-34c2-4ddf-b9e5-d0ef92ad3c88,5290.289571,5290,5290,17709,2025-12-17T05:14:51.637Z,ERROR,WebApi,10.157.32.246,792,o9.Framework.Common.Logging.FrameworkLogger,"GraphCube server save failed during full tenant backup with response - Query Execution Failed with the following Errors:
6: Insufficient disk-space to perform checkpoint (required = 474325 MB, DataFolder Size = 1581085.1771030426 MB, Checkpoint Free = 261273 MB, Checkpoint Folder Path = S:\PBNAIBPPT).  Please contact o9 DevOps team for support.
","o9.LiveServer.Client.Ado.LsAdoException: Query Execution Failed with the following Errors:
6: Insufficient disk-space to perform checkpoint (required = 474325 MB, DataFolder Size = 1581085.1771030426 MB, Checkpoint Free = 261273 MB, Checkpoint Folder Path = S:\PBNAIBPPT).  Please contact o9 DevOps team for support.

   at o9.Framework.WebAPI.Controllers.LiveServerCommandHelper.HandleAdoException(AppContext appContext, LsAdoException lsException) in C:\a\1\o9.Platform\WebAPI\Framework.WebAPI.Controllers\LiveServerCommandHelper.cs:line 829
   at o9.Framework.WebAPI.Controllers.LiveServerCommandHelper.<ExecuteJsonIBPLQueryAsync>d__12.MoveNext() in C:\a\1\o9.Platform\WebAPI\Framework.WebAPI.Controllers\LiveServerCommandHelper.cs:line 306
--- End of stack trace from previous location where exception was thrown ---
   at System.Runtime.ExceptionServices.ExceptionDispatchInfo.Throw()
   at System.Runtime.CompilerServices.TaskAwaiter.HandleNonSuccessAndDebuggerNotification(Task task)
   at o9.RWF.BackupRestore.Activities.BackupLiveServerSaveActivity.<ProcessTaskAsync>d__2.MoveNext() in C:\a\1\o9.Platform\WebAPI\o9.RWF.BackupRestore\Activities\BackupLiveServerSaveActivity.cs:line 46
",kibo
,7c13c038-34c2-4ddf-b9e5-d0ef92ad3c88,5290.289571,5290,5290,17709,2025-12-17T05:14:51.637Z,ERROR,WebApi,10.157.32.246,186,o9.Framework.Common.Logging.FrameworkLogger,"Running LiveServer Save before Backup activity task failed for input - {""QueueSuffix"":""WebAPI"",""Backup"":{""_workflowId"":""4e4e6940-a9dd-4027-8b44-f3dca37a2891"",""Name"":""FTB after MT Batch from SSIS"",""Description"":""FTB after MT Batch from SSIS"",""BackedUpTenantId"":5290,""BackedUpTenantName"":""pbnaibppt"",""BackedUpUserId"":17709,""RestoreOnUserId"":0,""RestoreOnTenantId"":0,""RestoreOnTenantName"":null,""RestoreNono9Users"":false,""ApplyDataRecovery"":false,""LiveServerMachineIp"":""10.157.35.162"",""LiveServerDataFolder"":""F:\\mPowerStore\\PBNAIBPPT"",""CreatedAt"":""2025-12-17T04:14:50.1621021Z"",""EnvironmentId"":""2ee48f7b-1965-4b04-ac0d-52be05280951"",""RestoreOnEnvironmentId"":null,""EnvironmentType"":""pbnapreprodaz"",""InitiatingMachineName"":""O9AZRGT10158WEB"",""Status"":""STARTED"",""WorkflowId"":""4e4e6940-a9dd-4027-8b44-f3dca37a2891"",""BackupWorkflowId"":null,""Components"":""LiveServer,TenantConfig,UserConfig,Collab,SystemSettings,ServiceConnections,ExternalData,ViewImages,StagingApis,OnlineMeetings,Digests"",""AppContext"":{""Roles"":[{""Id"":0,""TenantId"":0,""Name"":""admin"",""RoleType"":""UISecurityGroup"",""Description"":""Unknown"",""RoleId"":""00000000-0000-0000-0000-000000000000"",""ModuleId"":null},{""Id"":0,""TenantId"":0,""Name"":""dataadmin"",""RoleType"":""DataSecurityGroup"",""Description"":""Super admin for data"",""RoleId"":""00000000-0000-0000-0000-000000000000"",""ModuleId"":null},{""Id"":0,""TenantId"":0,""Name"":""System Architect"",""RoleType"":""UISecurityGroup"",""Description"":""Model and UI designer full privilege."",""RoleId"":""00000000-0000-0000-0000-000000000000"",""ModuleId"":null},{""Id"":0,""TenantId"":0,""Name"":""$RA-sauvik.neogi@o9solutions.com"",""RoleType"":""DataSecurityGroup"",""Description"":""Role Avatar"",""RoleId"":""00000000-0000-0000-0000-000000000000"",""ModuleId"":null}],""AuthToken"":""oyvu14qw0uxdvkxqfyyjotak"",""EmbedToken"":""ed446798-6db7-4aae-8b7d-89aaa716283d"",""LoggedInTenantId"":5290,""LoggedInUserEmail"":""sauvik.neogi@o9solutions.com"",""TargetTenantId"":5290,""OrgId"":3,""TargetTenantName"":""pbnaibppt"",""LoggedInUserId"":17709,""SessionId"":""5290.289571"",""LiveServerTransactionId"":""00000000-0000-0000-0000-000000000000"",""BatchGuid"":""00000000-0000-0000-0000-000000000000"",""Url"":"""",""BaseUri"":""http://ingresshaproxy-azrgt10158-haproxy-ingress.o9inf-azrgt10158.svc.cluster.local"",""RequestTime"":""2025-12-17T05:14:15.2993021+00:00"",""ClientIp"":""2a09:bac1:36a0:58::11a:a"",""UserAgent"":""kibo"",""RequestId"":""7c13c038-34c2-4ddf-b9e5-d0ef92ad3c88"",""TenantLocale"":"""",""Language"":""en-US"",""IsHaEnabled"":false,""ChangeRequestTags"":null,""IsAdmin"":true,""IsUserManagementAdmin"":false,""GitPersonalAccessToken"":"""",""IsOpenOrgUser"":true,""UserOrgId"":1,""IsBulkCommitAllowed"":false,""RemoteTenantsWithRoles"":{""TenantToRemoteTenant"":null,""IntWsTenantToRemoteTenant"":null},""MFAState"":4},""IsDeleted"":false,""Obfuscated"":false,""BGSave"":false,""Versions"":null,""EnvironmentVersion"":""2025Q3P6"",""PartitionKey"":""pbnaibppt"",""RowKey"":""4e4e6940-a9dd-4027-8b44-f3dca37a2891"",""Timestamp"":""2025-12-17T05:11:57.0531096+00:00"",""ETag"":""W/\""datetime'2025-12-17T05%3A14%3A16.6304342Z'\""""},""WorkflowStep"":{""WorkflowId"":null,""Id"":null,""WorkflowType"":""Backup"",""ActivityType"":""BackupLiveServerSaveActivity"",""EnvironmentType"":null,""CreatedAt"":""2025-12-17T05:14:41.422216Z"",""UserId"":0,""TenantName"":""pbnaibppt"",""OrganisationName"":""Pepsi"",""IsDockerized"":false,""BackupWorkflowId"":"""",""Status"":""SCHEDULED"",""Message"":"""",""Size"":"""",""Data"":null,""BGSave"":false,""Kubernetes"":false,""Port"":27113,""PartitionKey"":null,""RowKey"":null,""Timestamp"":""0001-01-01T00:00:00+00:00"",""ETag"":null}}","System.Exception: GraphCube server save failed during full tenant backup. Please refer logs for more detail.
   at o9.RWF.BackupRestore.Activities.BackupLiveServerSaveActivity.<ProcessTaskAsync>d__2.MoveNext() in C:\a\1\o9.Platform\WebAPI\o9.RWF.BackupRestore\Activities\BackupLiveServerSaveActivity.cs:line 68
--- End of stack trace from previous location where exception was thrown ---
   at System.Runtime.ExceptionServices.ExceptionDispatchInfo.Throw()
   at System.Runtime.CompilerServices.TaskAwaiter.HandleNonSuccessAndDebuggerNotification(Task task)
   at o9.RWF.Helper.BackupRestoreActivityWorkerBase.StartAsync() in C:\a\1\o9.Platform\o9.Utils\o9.RWF.Helper\BackupRestoreActivityWorkerBase.cs:line 79
",kibo
,7c13c038-34c2-4ddf-b9e5-d0ef92ad3c88,5290.289571,5290,5290,17709,2025-12-17T05:14:51.676Z,INFO,WebApi,10.157.32.246,186,o9.Framework.Common.Logging.FrameworkLogger,BackupWorkFlow step updated in cloudDB: BackupLiveServerSaveActivity(FAILED),,kibo
,7c13c038-34c2-4ddf-b9e5-d0ef92ad3c88,5290.289571,5290,5290,17709,2025-12-17T05:15:01.702Z,INFO,WebApi,10.157.32.246,618,o9.Framework.Common.Logging.FrameworkLogger,GlobalMutex: Acquiring exclusive lock for resource: RestoreDecider-4e4e6940-a9dd-4027-8b44-f3dca37a2891,,kibo
,7c13c038-34c2-4ddf-b9e5-d0ef92ad3c88,5290.289571,5290,5290,17709,2025-12-17T05:15:01.709Z,INFO,WebApi,10.157.32.246,618,o9.Framework.Common.Logging.FrameworkLogger,GlobalMutex: Finished acquiring exclusive lock for resource: RestoreDecider-4e4e6940-a9dd-4027-8b44-f3dca37a2891,,kibo
,7c13c038-34c2-4ddf-b9e5-d0ef92ad3c88,5290.289571,5290,5290,17709,2025-12-17T05:15:01.709Z,INFO,WebApi,10.157.32.246,618,o9.Framework.Common.Logging.FrameworkLogger,BackupRestoreDeciderHandler received message from: BackupLiveServerSaveActivity,,kibo
,7c13c038-34c2-4ddf-b9e5-d0ef92ad3c88,5290.289571,5290,5290,17709,2025-12-17T05:15:03.180Z,INFO,WebApi,10.157.32.246,214,o9.Framework.Common.Logging.FrameworkLogger,GlobalMutex: Releasing exclusive lock for resource: RestoreDecider-4e4e6940-a9dd-4027-8b44-f3dca37a2891,,kibo
,7c13c038-34c2-4ddf-b9e5-d0ef92ad3c88,5290.289571,5290,5290,17709,2025-12-17T05:15:03.195Z,INFO,WebApi,10.157.32.246,214,o9.Framework.Common.Logging.FrameworkLogger,GlobalMutex: Finished releasing exclusive lock for resource: RestoreDecider-4e4e6940-a9dd-4027-8b44-f3dca37a2891,,kibo
,03b86cbd-8f3b-415c-828b-1a93b0bee079,5290.289571,5290,5290,17709,2025-12-17T05:17:37.936Z,INFO,WebApi,10.157.34.218,323,o9.Framework.Common.Logging.FrameworkLogger,WebApi received the request: GET /api/crud/tenants/lsconfig,,kibo
,82d1f6e6-4f71-439e-b8bb-73d69deb7f60,5290.289571,5290,5290,17709,2025-12-17T05:17:37.937Z,INFO,WebApi,10.157.32.246,214,o9.Framework.Common.Logging.FrameworkLogger,WebApi received the request: GET /api/crud/tenants/{tenantId}/roles/,,kibo
,82d1f6e6-4f71-439e-b8bb-73d69deb7f60,5290.289571,5290,5290,17709,2025-12-17T05:17:37.939Z,INFO,WebApi,10.157.32.246,489,o9.Framework.Common.Logging.FrameworkLogger,WebApi served the request: /api/crud/tenants/{tenantId}/roles/ in : 12ms with status : OK,,kibo
,03b86cbd-8f3b-415c-828b-1a93b0bee079,5290.289571,5290,5290,17709,2025-12-17T05:17:37.952Z,INFO,WebApi,10.157.34.218,811,o9.Framework.Common.Logging.FrameworkLogger,WebApi served the request: /api/crud/tenants/lsconfig in : 8ms with status : OK,,kibo
,01b724e1-72b6-422d-b5b3-4484de544647,5290.289571,5290,5290,17709,2025-12-17T05:17:37.954Z,INFO,WebApi,10.157.32.246,214,o9.Framework.Common.Logging.FrameworkLogger,WebApi received the request: GET /api/crud/tenants/lsstandbyconfig,,kibo
,01b724e1-72b6-422d-b5b3-4484de544647,5290.289571,5290,5290,17709,2025-12-17T05:17:37.999Z,INFO,WebApi,10.157.32.246,423,o9.Framework.Common.Logging.FrameworkLogger,WebApi served the request: /api/crud/tenants/lsstandbyconfig in : 54ms with status : OK,,kibo
